 , Pearson, Spearman
Wu & Palmer, 0.29881523164115653, 0.05987555881323588
Shortest Path, 0.2072839735098225, 0.01592796564467953
Leakcock & Chodorow, 0.3315527414068447, 0.01592796564467953
